record,text,lemma,p_single,p_lemma,gain
1676,получилось,получиться,0.32249897718429504,0.9785662889480591,0.6560673117637641
4035,такой,такой,0.37020120024681,0.973898589611053,0.603697389364243
4035,такая,такой,0.38141131401062,0.9840368032455441,0.6026254892349241
4050,все,все,0.47655150294303805,0.9546765685081481,0.47812506556511003
4056,Ну,ну,0.514445006847381,0.978714048862457,0.464269042015076
4050,все,все,0.398664414882659,0.804436743259429,0.40577232837677
4050,всё,все,0.137218132615089,0.505702674388885,0.3684845417737961
4050,все,все,0.6517090797424311,0.9921188950538631,0.340409815311432
4050,все,все,0.310247212648391,0.641459167003631,0.33121195435524003
4035,такой,такой,0.662666201591491,0.9800831675529481,0.3174169659614571
1676,получилось,получиться,0.341106861829757,0.513225376605987,0.17211851477622997
4056,ну,ну,0.7215613126754761,0.8826973438262941,0.16113603115081798
4050,Что,что,0.830831825733184,0.979596376419067,0.148764550685883
4069,Я,я,0.839909195899963,0.9760193824768061,0.13611018657684304
3931,станут,стать,0.005750352051109,0.11937582492828301,0.113625472877174
4034,на,на,0.8550871014595031,0.9352920651435851,0.08020496368408203
4035,Кто,кто,0.9296832084655761,0.996728539466857,0.06704533100128096
1676,получилось,получиться,0.525875210762023,0.565525531768798,0.03965032100677501
4069,Я,я,0.956592142581939,0.9947450757026671,0.038152933120728094
4072,Раз,раз,0.9593989253044121,0.9958392381668091,0.03644031286239702
4056,ну,ну,0.8739081025123591,0.903477907180786,0.029569804668426958
4035,Кто,кто,0.9689701199531551,0.9981783628463741,0.029208242893218994
1676,получилось,получиться,0.7976109981536861,0.826715409755706,0.02910441160201993
2232,Коль,коль,0.9345978498458861,0.9626826047897331,0.02808475494384699
3921,сказать,сказать,0.38406246900558405,0.407420307397842,0.023357838392257968
4054,Не,не,0.9738212227821351,0.9963490962982171,0.022527873516081987
1676,У,у,0.969989299774169,0.9902215003967281,0.020232200622559038
4035,Кто,кто,0.9717184305191041,0.9912751317024231,0.01955670118331898
4057,всем,весь,0.9617790579795831,0.9792129397392271,0.017433881759644
4056,Ну,ну,0.5895437002182,0.6057246923446651,0.016180992126465066
2232,Коль,коль,0.933149278163909,0.9479208588600151,0.014771580696106068
4035,такая,такой,0.974733054637908,0.9891970753669731,0.014464020729065052
1676,получилось,получиться,0.8530004024505611,0.8657866120338441,0.012786209583283026
4057,всем,весь,0.91573429107666,0.9283151030540461,0.01258081197738603
1676,у,у,0.7465242743492121,0.759037613868713,0.012513339519500954
2232,Коль,коль,0.9459173679351801,0.9565107226371761,0.01059335470199596
4056,Ну,ну,0.9469687342643731,0.955648839473724,0.008680105209350919
4057,всем,весь,0.9575470089912411,0.9643720388412471,0.0068250298500059925
3428,кто,кто,0.986901462078094,0.9921326637268061,0.005231201648712047
3421,сочла,счесть,0.7988348007202141,0.8040447831153871,0.005209982395173007
4050,одно,один,0.157412812113761,0.16261389851570102,0.005201086401940003
3921,сказать,сказать,0.8351115584373471,0.840278327465057,0.005166769027709961
4050,одно,один,0.30887708067893904,0.31336236000061,0.004485279321670976
3428,кто,кто,0.9896770119667051,0.993965089321136,0.00428807735443093
2232,коль,коль,0.9459141492843621,0.9496132731437681,0.0036991238594059617
4057,Всем,весь,0.5618819594383241,0.565137147903442,0.003255188465117964
3428,кто,кто,0.959288418292999,0.962365686893463,0.003077268600463978
4079,всем,весь,0.9638171792030331,0.9665802121162411,0.002763032913208008
4060,как,как,0.8805326223373411,0.883158862590789,0.002626240253447931
2232,коль,коль,0.9954901337623591,0.9980159401893611,0.002525806427002064
4079,всем,весь,0.9769566655158991,0.9794209599494931,0.002464294433593972
3931,стал,стать,0.9776000380516051,0.979868412017822,0.00226837396621693
3939,на,на,0.9839116334915161,0.986160576343536,0.0022489428520199306
4035,такой,такой,0.963014781475067,0.9652557373046871,0.0022409558296200283
3428,кто,кто,0.9971594810485841,0.9992460608482361,0.0020865797996519886
4054,Не,не,0.993961870670318,0.996037423610687,0.0020755529403689854
3421,сочли,счесть,0.546705424785614,0.5487009882926941,0.001995563507080078
4054,Не,не,0.9950211048126221,0.9970087409019471,0.001987636089325062
4063,но,но,0.411240547895431,0.413123041391372,0.0018824934959409956
3698,ты,ты,0.729333162307739,0.731136202812194,0.0018030405044550113
3951,хрен,хрен,0.33353421092033303,0.33509832620620705,0.0015641152858740237
4063,а,а,0.8185481429100031,0.8200601935386651,0.0015120506286619984
3428,кто,кто,0.965436697006225,0.9669222235679621,0.0014855265617370605
4034,не,не,0.299046874046325,0.30052617192268305,0.0014792978763580322
4057,всем,весь,0.04779115319252,0.049270007759332005,0.0014788545668120018
4033,не,не,0.09870658814907,0.100090950727462,0.001384362578392001
4079,всем,весь,0.67735069990158,0.678699493408203,0.0013487935066229806
4060,как,как,0.841282606124877,0.8426219820976251,0.0013393759727480248
4034,не,не,0.531748950481414,0.5329511761665341,0.001202225685120073
4050,одно,один,0.175559163093566,0.17675101757049502,0.0011918544769290162
1676,у,у,0.9631574153900141,0.9642732739448541,0.0011158585548399769
1676,у,у,0.950657904148101,0.951764822006225,0.0011069178581240013
4033,не,не,0.934250056743621,0.935243546962738,0.000993490219116988
3921,ничего,ничего,0.918761670589447,0.9197370409965511,0.0009753704071040481
3931,стала,стать,0.33036321401596,0.33130875229835505,0.0009455382823950198
4079,всем,весь,0.9979301691055291,0.9988105297088621,0.0008803606033329636
4072,раз,раз,0.9952068924903871,0.996084868907928,0.0008779764175409488
3931,стали,стать,0.30883958935737604,0.309580951929092,0.0007413625717159755
4060,как,как,0.001020060037262,0.001725957496091,0.000705897458829
4054,не,не,0.9953481554985041,0.9959702491760251,0.000622093677520974
4072,раз,раз,0.9978871941566461,0.9985083341598511,0.0006211400032050118
4056,и,и,0.967472970485687,0.9680788516998291,0.0006058812141420677
4063,да,да,0.14178065955638802,0.142363846302032,0.0005831867456439765
4079,всем,весь,0.49811527132987904,0.49868333339691107,0.0005680620670320269
4060,как,как,0.027112687006592,0.027653492987155002,0.0005408059805630007
3939,на,на,0.9574279189109801,0.957968115806579,0.0005401968955989211
4060,как,как,0.8993563652038571,0.8998442888259881,0.0004879236221310146
3921,сказать,сказать,0.9949911236763,0.99547654390335,0.0004854202270500041
4050,что,что,0.994236409664154,0.9947022795677181,0.00046586990356400904
4063,не,не,0.9647825956344601,0.96523094177246,0.00044834613799993317
4080,ужас,ужас,0.8576061725616451,0.8580042719841001,0.00039809942245505603
4080,ужас,ужас,0.8861150145530701,0.8864724636077881,0.0003574490547180176
3939,на,на,0.9906949996948241,0.9910302758216851,0.00033527612686101715
3939,на,на,0.506813883781433,0.507141411304473,0.00032752752303999433
4033,не,не,0.013471148908138001,0.013786901719868001,0.00031575281172999993
3976,легком,легкий,0.379191368818283,0.37950274348258906,0.00031137466430603
4050,одно,один,0.325915217399597,0.326218545436859,0.0003033280372620184
4035,кто,кто,0.998761534690856,0.9990482926368711,0.00028675794601507043
4072,раз,раз,0.998220384120941,0.9984991550445551,0.00027877092361405786
3421,счел,счесть,0.504115760326385,0.504391968250274,0.0002762079238889381
3921,сказать,сказать,0.9927926063537591,0.9930599927902221,0.00026738643646295746
3921,это,это,0.6113871932029721,0.611647129058837,0.0002599358558649234
3976,легкой,легкий,0.308938711881637,0.309189707040786,0.0002509951591490034
4069,смотрю,смотреть,0.48607453703880305,0.486320823431015,0.0002462863922119696
4050,что,что,0.998448491096496,0.9986872673034661,0.00023877620697010382
3951,не,не,0.998256862163543,0.998495459556579,0.0002385973930359997
3921,сказать,сказать,0.9982775449752801,0.9985072612762451,0.0002297163009650216
4034,не,не,0.996381640434265,0.9965902566909791,0.00020861625671408923
4080,ужас,ужас,0.805463254451751,0.8056681156158441,0.00020486116409301758
4033,не,не,0.000405512721044,0.00059609778691,0.000190585065866
3931,стал,стать,0.7303562760353081,0.7305417656898491,0.00018548965454101562
3921,что,что,0.9915140867233271,0.9916880726814271,0.00017398595810003137
3921,ничего,ничего,0.9965245127677911,0.9966959953308101,0.00017148256301902087
3951,не,не,0.9989877343177791,0.999152600765228,0.0001648664474489525
4054,а,а,0.967786192893981,0.9679509997367851,0.0001648068428040661
4056,и,и,0.8270983695983881,0.8272606134414671,0.00016224384307894635
1676,у,у,0.9979173541069031,0.998079419136047,0.00016206502914395404
4050,что,что,0.9979867935180661,0.9981464743614191,0.00015968084335304944
3921,сказать,сказать,0.9981587529182431,0.9983134269714351,0.00015467405319202765
3951,а,а,0.9941661357879631,0.9943166375160211,0.00015050172805797235
2147,от,от,0.996603369712829,0.9967486262321471,0.00014525651931807104
3951,не,не,0.9988046884536741,0.9989461898803711,0.0001415014266969994
4069,смотрю,смотреть,0.0019133132882410001,0.002053862437605,0.0001405491493639999
3921,что,что,0.9958866238594051,0.9960255026817321,0.00013887882232699322
2232,скоро,скоро,0.9452127218246461,0.945350050926208,0.0001373291015619449
4072,раз,раз,0.998337507247924,0.9984745383262631,0.00013703107833906714
3951,а,а,0.994375109672546,0.9945102334022521,0.0001351237297060326
4080,ужас,ужас,0.862132310867309,0.862264573574066,0.00013226270675703589
4050,что,что,0.9983496665954591,0.9984808564186091,0.00013118982314996863
4035,кто,кто,0.9984940290451051,0.9986245036125181,0.000130474567412997
2232,скоро,скоро,0.8300374150276181,0.830166637897491,0.00012922286987293585
3939,на,на,0.242356613278388,0.24248230457305903,0.00012569129467102091
3921,ничего,ничего,0.9942302703857421,0.994355738162994,0.00012546777725197522
4072,за,за,0.9966850876808161,0.996808886528015,0.00012379884719893042
4056,и,и,0.588067293167114,0.5881910324096681,0.000123739242554044
4050,одно,один,0.002757427748292,0.002879963023588,0.00012253527529599998
4080,ужас,ужас,0.7928618192672731,0.79297912120819,0.00011730194091696955
4034,не,не,0.988435864448547,0.9885477423667901,0.00011187791824307514
4050,что,что,0.997929453849792,0.9980397224426271,0.00011026859283502777
3951,не,не,0.9992457628250121,0.9993540048599241,0.00010824203491199835
3951,а,а,0.9933412671089171,0.9934483766555781,0.00010710954666093286
4033,не,не,0.9880565404891961,0.9881618618965141,0.00010532140731800421
4034,не,не,0.998278975486755,0.998376071453094,9.70959663390003e-05
3921,что,что,0.9974277615547181,0.9975228905677791,9.512901306096833e-05
3921,ничего,ничего,0.9980047345161431,0.9980992078781121,9.447336196899414e-05
4069,смотрю,смотреть,0.034377504140138,0.034465249627828,8.774548768999968e-05
3951,а,а,0.9743412733078001,0.9744272828102111,8.60095024109997e-05
4076,не,не,0.9893520474433891,0.989437282085418,8.523464202891962e-05
4034,не,не,0.00601096637547,0.006093852687627001,8.288631215700067e-05
4063,да,да,0.063826084136962,0.063907958567142,8.18744301799984e-05
3939,на,на,0.9949534535408021,0.9950292706489561,7.581710815396381e-05
2232,скоро,скоро,0.710822939872741,0.710897505283355,7.456541061401367e-05
4079,по,по,0.9994326233863831,0.99950486421585,7.224082946699628e-05
4054,а,а,0.9710829854011531,0.9711537361145021,7.075071334894378e-05
3976,легкий,легкий,0.024513123556971002,0.024581972509622,6.884895265099958e-05
2232,скоро,скоро,0.968097329139709,0.9681656956672661,6.836652755703998e-05
4079,по,по,0.9992755055427551,0.99934321641922,6.771087646484375e-05
3921,не,не,0.9996734857559201,0.99973839521408,6.49094581599563e-05
4056,и,и,0.46929112076759305,0.46935358643531805,6.246566772499795e-05
2232,скоро,скоро,0.529707133769989,0.529768228530883,6.109476089399823e-05
4069,смотрю,смотреть,0.013738785870373001,0.013798903673887001,6.0117803514000284e-05
4035,чтобы,чтобы,0.686337113380432,0.6863968968391411,5.978345870905066e-05
4035,чтобы,чтобы,0.8342512249946591,0.8343103528022761,5.9127807616965455e-05
3428,куда,куда,0.9966021776199341,0.996659159660339,5.698204040494037e-05
4054,не,не,0.999530553817749,0.9995868206024171,5.626678466807977e-05
4033,не,не,0.046551223844289,0.046606544405221,5.532056093199983e-05
3951,не,не,0.998695075511932,0.9987473487854001,5.227327346801758e-05
4035,чтобы,чтобы,0.856247067451477,0.8562961816787721,4.91142272950329e-05
4079,по,по,0.999325156211853,0.9993710517883301,4.589557647705078e-05
3921,что,что,0.9960018992424011,0.9960449337959291,4.3034553527943054e-05
2147,от,от,0.9959827661514281,0.9960244297981261,4.166364669799805e-05
4054,а,а,0.9862906336784361,0.9863318204879761,4.1186809540016966e-05
3921,что,что,0.9984488487243651,0.998489677906036,4.0829181670920534e-05
3428,куда,куда,0.994270205497741,0.9943108558654781,4.065036773703845e-05
4076,не,не,0.993443131446838,0.993482172489166,3.904104232799188e-05
4056,и,и,0.975554406642913,0.975593090057373,3.868341446000567e-05
4076,не,не,0.995499074459075,0.9955334067344661,3.433227539106909e-05
3951,а,а,0.9891370534896851,0.9891691207885741,3.2067298889049134e-05
4076,не,не,0.9925714135169981,0.9926019310951231,3.0517578125e-05
4035,чтобы,чтобы,0.8843913078308101,0.8844198584556581,2.855062484796722e-05
3921,не,не,0.997688293457031,0.9977163076400751,2.8014183044100527e-05
4035,чтобы,чтобы,0.8165511488914491,0.8165753483772271,2.4199485778031438e-05
4076,не,не,0.998576164245605,0.9985999464988701,2.3782253265047792e-05
2147,от,от,0.9989544153213501,0.9989776611328121,2.3245811461958255e-05
4054,а,а,0.982348501682281,0.9823715686798091,2.3066997528076172e-05
4069,смотрю,смотреть,7.347667633439414e-06,2.9977378289913762e-05,2.2629710656474348e-05
2147,от,от,0.9987111091613771,0.9987334609031671,2.2351741789994328e-05
3428,куда,куда,0.972846329212188,0.9728666543960571,2.0325183869074337e-05
3428,куда,куда,0.9984714388847351,0.9984917640686031,2.0325183867964114e-05
3921,не,не,0.998731195926666,0.9987513422966001,2.014636993408203e-05
3921,ничего,ничего,0.9925091862678521,0.9925270080566401,1.782178878795282e-05
4072,за,за,0.998678147792816,0.9986956715583801,1.7523765564075866e-05
4079,по,по,0.999610483646392,0.999627649784088,1.7166137695978634e-05
4054,а,а,0.337450742721557,0.337467283010482,1.6540288925004365e-05
4080,тихий,тихий,0.34251165390014604,0.342524796724319,1.3142824172973633e-05
4072,за,за,0.999771654605865,0.9997839331626891,1.2278556824063536e-05
4072,за,за,0.9990328550338741,0.999045073986053,1.2218952178955078e-05
2147,от,от,0.9995725750923151,0.9995846152305601,1.2040138244961973e-05
4072,за,за,0.9997057318687431,0.9997166395187371,1.0907649994007507e-05
4080,тихий,тихий,0.20554731786251002,0.20555700361728602,9.685754776000977e-06
4079,по,по,0.9997286200523371,0.999737977981567,9.357929229958373e-06
3428,куда,куда,0.967115402221679,0.9671245217323301,9.119510651078855e-06
3921,не,не,0.999316573143005,0.9993236660957331,7.09295272804944e-06
3921,не,не,0.9993755221366881,0.9993822574615471,6.735324858953007e-06
2306,милость,милость,0.104964777827262,0.104970604181289,5.8263540270026e-06
3921,не,не,0.999521851539611,0.999527275562286,5.424022675004636e-06
2306,милость,милость,0.803704500198364,0.803709924221038,5.424022674005435e-06
4034,не,не,0.015700869262218,0.015706121921539,5.252659321001302e-06
4080,тихий,тихий,0.050391506403684005,0.050396528095006006,5.021691322000532e-06
2306,милость,милость,0.21308976411819402,0.21309326589107502,3.5017728809982884e-06
2306,милость,милость,0.063354089856147,0.06335502862930201,9.387731550042355e-07
4080,тихий,тихий,0.001838612370193,0.001839187112636,5.747424430000217e-07
4080,тихий,тихий,0.003907680045813,0.003907846286892,1.6624107899987361e-07
2306,милость,милость,0.0035786952357730003,0.0035787676461040002,7.241033099991342e-08
2334,судить,судить,0.18895950913429202,0.18895956873893702,5.960464499743523e-08
2334,судить,судить,0.58362591266632,0.583625972270965,5.960464499743523e-08
2334,судить,судить,0.96043860912323,0.9604386687278741,5.960464410925681e-08
2334,судить,судить,0.393232733011245,0.393232762813568,2.9802322998317976e-08
2334,судить,судить,0.553522109985351,0.553522109985351,0.0
4072,разом,разом,0.522662639617919,0.522662639617919,0.0
4072,разом,разом,0.9990315437316891,0.9990315437316891,0.0
4072,разом,разом,0.999716222286224,0.999716222286224,0.0
4072,разом,разом,0.9995730519294731,0.9995730519294731,0.0
4072,разом,разом,0.9996678829193111,0.9996678829193111,0.0
